"","Date","Exchange.Rate","WTI.Cushing","Brent.Sullom.Voe.UK","Mixed.Sweet.Blend.Edmonton","Synthetic.Edmonton","Western.Canada.Select.Hardisty","Implied.Bitumen.Hardisty","Cdn.Light.Sweet.Edmonton","Cdn.Light.Sweet.Chicago","WTI.Chicago","Western.Canada.Select.Chicago","Brent.Montreal"
"1","2018-10-01","1.3058","618","707","416","462","294","186",NA,NA,NA,NA,NA
"2","2018-10-02","1.3141","622","703","426","459","285","170",NA,NA,NA,NA,NA
"3","2018-10-03","1.3156","632","697","435","459","287","162",NA,NA,NA,NA,NA
"4","2018-10-04","1.3061","611","688","413","438","255","133",NA,NA,NA,NA,NA
"5","2018-10-05","1.3047","610","698","405","430","241","112",NA,NA,NA,NA,NA
"6","2018-10-06","-","-","-","-","-","-","-",NA,NA,NA,NA,NA
"7","2018-10-07","-","-","-","-","-","-","-",NA,NA,NA,NA,NA
"8","2018-10-08","1.3037","609","679","412","429","244","117",NA,NA,NA,NA,NA
"9","2018-10-10","1.2997","613","658","390","423","229","92",NA,NA,NA,NA,NA
"10","2018-10-10","1.3082","602","665","378","415","215","78",NA,NA,NA,NA,NA
"11","2018-10-11","1.3026","581","664","313","332","172","24",NA,NA,NA,NA,NA
"12","2018-10-12","1.2967","582","666","349","358","186","42",NA,NA,NA,NA,NA
"13","2018-10-13","-","-","-","-","-","-","-",NA,NA,NA,NA,NA
"14","2018-10-14","-","-","-","-","-","-","-",NA,NA,NA,NA,NA
"15","2018-10-15","1.2932","584","654","366","381","210","80",NA,NA,NA,NA,NA
"16","2018-10-16","1.2907","584","644","355","377","202","69",NA,NA,NA,NA,NA
"17","2018-10-17","1.2983","570","654","341","345","182","46",NA,NA,NA,NA,NA
"18","2018-10-18","1.3040","563","652","342","359","201","76",NA,NA,NA,NA,NA
"19","2018-10-19","1.3095","569","623","359","365","216","96",NA,NA,NA,NA,NA
"20","2018-10-20","-","-","-","-","-","-","-",NA,NA,NA,NA,NA
"21","2018-10-21","-","-","-","-","-","-","-",NA,NA,NA,NA,NA
"22","2018-10-22","1.3189","574","626","350","376","215","94",NA,NA,NA,NA,NA
"23","2018-10-23","1.3178","550","631","294","327","169","41",NA,NA,NA,NA,NA
"24","2018-10-24","1.3142","552","639","313","329","174","53",NA,NA,NA,NA,NA
"25","2018-10-25","1.3161","557","632","309","326","201","95",NA,NA,NA,NA,NA
"26","2018-10-26","1.3164","560","627","311","332","202","94",NA,NA,NA,NA,NA
"27","2018-10-27","-","-","-","-","-","-","-",NA,NA,NA,NA,NA
"28","2018-10-28","-","-","-","-","-","-","-",NA,NA,NA,NA,NA
"29","2018-10-29","1.3067","551","607","304","321","206","104",NA,NA,NA,NA,NA
"30","2018-10-30","1.2998","541","589","271","292","210","117",NA,NA,NA,NA,NA
"31","2018-10-31","1.2998","534","590","251","285","182","82",NA,NA,NA,NA,NA
"32","2018-09-01","-","-","-","-","-","-","-",NA,NA,NA,NA,NA
"33","2018-09-02","-","-","-","-","-","-","-",NA,NA,NA,NA,NA
"34","2018-09-03","-","-","-","-","-","-","-",NA,NA,NA,NA,NA
"35","2018-09-04","1.3182","579","643","496","549","372","292",NA,NA,NA,NA,NA
"36","2018-09-05","1.3185","570","635","479","528","373","297",NA,NA,NA,NA,NA
"37","2018-09-06","1.3188","562","633","429","494","338","262",NA,NA,NA,NA,NA
"38","2018-09-07","1.3164","561","635","428","493","337","261",NA,NA,NA,NA,NA
"39","2018-09-08","-","-","-","-","-","-","-",NA,NA,NA,NA,NA
"40","2018-09-09","-","-","-","-","-","-","-",NA,NA,NA,NA,NA
"41","2018-09-10","1.3163","559","638","427","476","327","248",NA,NA,NA,NA,NA
"42","2018-09-11","1.3141","572","654","415","469","316","247",NA,NA,NA,NA,NA
"43","2018-09-12","1.3014","576","653","421","470","302","219",NA,NA,NA,NA,NA
"44","2018-09-13","1.2997","561","641","411","467","279","200",NA,NA,NA,NA,NA
"45","2018-09-14","1.3033","566","641","410","463","270","184",NA,NA,NA,NA,NA
"46","2018-09-15","-","-","-","-","-","-","-",NA,NA,NA,NA,NA
"47","2018-09-16","-","-","-","-","-","-","-",NA,NA,NA,NA,NA
"48","2018-09-17","1.3019","564","638","409","454","278","195",NA,NA,NA,NA,NA
"49","2018-09-18","1.2992","571","643","416","454","307","234",NA,NA,NA,NA,NA
"50","2018-09-19","1.2947","579","645","424","470","316","234",NA,NA,NA,NA,NA
"51","2018-09-20","1.2905","575","637","437","473","297","199",NA,NA,NA,NA,NA
"52","2018-09-21","1.2916","583","635","437","474","298","199",NA,NA,NA,NA,NA
"53","2018-09-22","-","-","-","-","-","-","-",NA,NA,NA,NA,NA
"54","2018-09-23","-","-","-","-","-","-","-",NA,NA,NA,NA,NA
"55","2018-09-24","1.2935","595","657","456","489","312","217",NA,NA,NA,NA,NA
"56","2018-09-25","1.2948","591","661","458","491","308","210",NA,NA,NA,NA,NA
"57","2018-09-26","1.2975","584","663","454","486","303","205",NA,NA,NA,NA,NA
"58","2018-09-27","1.3045","592","668","432","481","303","200",NA,NA,NA,NA,NA
"59","2018-09-28","1.2945","596","675","442","474","312","211",NA,NA,NA,NA,NA
"60","2018-09-29","-","-","-","-","-","-","-",NA,NA,NA,NA,NA
"61","2018-09-30","-","-","-","-","-","-","-",NA,NA,NA,NA,NA
"62","2018-08-01","1.3002","546","607","504","558","312","211",NA,NA,NA,NA,NA
"63","2018-08-02","1.3014","564","601","525","585","312","207",NA,NA,NA,NA,NA
"64","2018-08-03","1.2983","559","598","515","584","306","199",NA,NA,NA,NA,NA
"65","2018-08-04","-","-","-","-","-","-","-",NA,NA,NA,NA,NA
"66","2018-08-05","-","-","-","-","-","-","-",NA,NA,NA,NA,NA
"67","2018-08-06","1.2983","564","602","519","588","308","209",NA,NA,NA,NA,NA
"68","2018-08-07","1.3023","567","611","521","582","305","198",NA,NA,NA,NA,NA
"69","2018-08-08","1.3052","550","593","498","564","295","188",NA,NA,NA,NA,NA
"70","2018-08-09","1.3004","546","589","479","555","322","228",NA,NA,NA,NA,NA
"71","2018-08-10","1.3113","558","601","492","566","335","243",NA,NA,NA,NA,NA
"72","2018-08-11","-","-","-","-","-","-","-",NA,NA,NA,NA,NA
"73","2018-08-12","-","-","-","-","-","-","-",NA,NA,NA,NA,NA
"74","2018-08-13","1.3136","555","600","456","530","314","218",NA,NA,NA,NA,NA
"75","2018-08-14","1.3087","552","596","472","526","320","227",NA,NA,NA,NA,NA
"76","2018-08-15","1.3138","537","585","457","512","310","221",NA,NA,NA,NA,NA
"77","2018-08-16","1.3152","542","581","460","513","306","218",NA,NA,NA,NA,NA
"78","2018-08-17","1.3081","542","584","460","512","298","206",NA,NA,NA,NA,NA
"79","2018-08-18","-","-","-","-","-","-","-",NA,NA,NA,NA,NA
"80","2018-08-19","-","-","-","-","-","-","-",NA,NA,NA,NA,NA
"81","2018-08-20","1.3065","546","587","464","509","295","200",NA,NA,NA,NA,NA
"82","2018-08-21","1.3036","552","591","470","511","298","201",NA,NA,NA,NA,NA
"83","2018-08-22","1.3016","565","608","472","527","335","247",NA,NA,NA,NA,NA
"84","2018-08-23","1.3063","566","610","473","529","335","247",NA,NA,NA,NA,NA
"85","2018-08-24","1.3036","572","615","479","535","342","254",NA,NA,NA,NA,NA
"86","2018-08-25","-","-","-","-","-","-","-",NA,NA,NA,NA,NA
"87","2018-08-26","-","-","-","-","-","-","-",NA,NA,NA,NA,NA
"88","2018-08-27","1.2986","563","618","485","538","334","243",NA,NA,NA,NA,NA
"89","2018-08-28","1.2917","557","614","482","532","335","247",NA,NA,NA,NA,NA
"90","2018-08-29","1.2931","565","627","490","541","348","262",NA,NA,NA,NA,NA
"91","2018-08-30","1.298","574","629","492","547","351","264",NA,NA,NA,NA,NA
"92","2018-08-31","1.3055","573","634","491","546","349","261",NA,NA,NA,NA,NA
"93","2018-07-02","1.3168","612","658",NA,"593","438","375","558",NA,NA,NA,NA
"94","2018-07-03","1.3254","618","648",NA,"626","443","380","573",NA,NA,NA,NA
"95","2018-07-04","-","-","-",NA,"-","-","-","-",NA,NA,NA,NA
"96","2018-07-05","1.3129","602","639",NA,"587","436","373","555",NA,NA,NA,NA
"97","2018-07-06","1.3105","608","636",NA,"604","447","385","561",NA,NA,NA,NA
"98","2018-07-07","-","-","-",NA,"-","-","-","-",NA,NA,NA,NA
"99","2018-07-08","-","-","-",NA,"-","-","-","-",NA,NA,NA,NA
"100","2018-07-09","1.3097","608","643",NA,"615","452","390","568",NA,NA,NA,NA
"101","2018-07-10","1.3125","612","651",NA,"622","458","400","572",NA,NA,NA,NA
"102","2018-07-11","1.3151","582","607",NA,"593","428","367","541",NA,NA,NA,NA
"103","2018-07-12","1.3166","582","617",NA,"593","421","359","542",NA,NA,NA,NA
"104","2018-07-13","1.3171","588","624",NA,"601","449","397","547",NA,NA,NA,NA
"105","2018-07-14","-","-","-",NA,"-","-","-","-",NA,NA,NA,NA
"106","2018-07-15","-","-","-",NA,"-","-","-","-",NA,NA,NA,NA
"107","2018-07-16","1.3137","562","594",NA,"575","428","379","521",NA,NA,NA,NA
"108","2018-07-17","1.3187","565","599",NA,"564","414","357","523",NA,NA,NA,NA
"109","2018-07-18","1.3204","571","605",NA,"573","355","267","529",NA,NA,NA,NA
"110","2018-07-19","1.3255","579","605",NA,"548","350","256","525",NA,NA,NA,NA
"111","2018-07-20","1.3142","582","604",NA,"544","348","250","526",NA,NA,NA,NA
"112","2018-07-21","-","-","-",NA,"-","-","-","-",NA,NA,NA,NA
"113","2018-07-22","-","-","-",NA,"-","-","-","-",NA,NA,NA,NA
"114","2018-07-23","1.3156","562","605",NA,"541","343","252","505",NA,NA,NA,NA
"115","2018-07-24","1.3157","567","608",NA,"546","348","257","524",NA,NA,NA,NA
"116","2018-07-25","1.3088","571","609",NA,"550","350","259","528",NA,NA,NA,NA
"117","2018-07-26","1.3065","572","613",NA,"552","335","236","521",NA,NA,NA,NA
"118","2018-07-27","1.3062","564","610",NA,"544","327","228","507",NA,NA,NA,NA
"119","2018-07-28","-","-","-",NA,"-","-","-","-",NA,NA,NA,NA
"120","2018-07-29","-","-","-",NA,"-","-","-","-",NA,NA,NA,NA
"121","2018-07-30","1.3021","574","614",NA,"554","337","237","518",NA,NA,NA,NA
"122","2018-07-31","1.3017","563","608",NA,"547","326","226","506",NA,NA,NA,NA
"123","2018-06-01","1.2964","537","633",NA,"484","325","239","464",NA,NA,NA,NA
"124","2018-06-02","-","-","-",NA,"-","-","-","-",NA,NA,NA,NA
"125","2018-06-03","-","-","-",NA,"-","-","-","-",NA,NA,NA,NA
"126","2018-06-04","1.2928","527","612",NA,"495","414","371","463",NA,NA,NA,NA
"127","2018-06-05","1.2993","535","616",NA,"505","415","367","475",NA,NA,NA,NA
"128","2018-06-06","1.2913","526","612",NA,"498","402","353","465",NA,NA,NA,NA
"129","2018-06-07","1.2972","538","631",NA,"510","406","353","477",NA,NA,NA,NA
"130","2018-06-08","1.2962","536","623",NA,"508","391","323","473",NA,NA,NA,NA
"131","2018-06-09","-","-","-",NA,"-","-","-","-",NA,NA,NA,NA
"132","2018-06-10","-","-","-",NA,"-","-","-","-",NA,NA,NA,NA
"133","2018-06-11","1.2993","540","625",NA,"511","387","340","478",NA,NA,NA,NA
"134","2018-06-12","1.3004","543","621",NA,"512","390","330","480",NA,NA,NA,NA
"135","2018-06-13","1.2988","544","627",NA,"516","393","333","482",NA,NA,NA,NA
"136","2018-06-14","1.3052","549","623",NA,"512","397","338","485",NA,NA,NA,NA
"137","2018-06-15","1.3177","539","609",NA,"508","388","329","475",NA,NA,NA,NA
"138","2018-06-16","-","-","-",NA,"-","-","-","-",NA,NA,NA,NA
"139","2018-06-17","-","-","-",NA,"-","-","-","-",NA,NA,NA,NA
"140","2018-06-18","1.3208","547","626",NA,"513","350","273","482",NA,NA,NA,NA
"141","2018-06-19","1.3276","543","627",NA,"509","346","268","485",NA,NA,NA,NA
"142","2018-06-20","1.3301","554","625",NA,"525","349","268","495",NA,NA,NA,NA
"143","2018-06-21","1.331","549","612",NA,"518","342","260","490",NA,NA,NA,NA
"144","2018-06-22","1.3308","574","632",NA,"536","365","283","515",NA,NA,NA,NA
"145","2018-06-23","-","-","-",NA,"-","-","-","-",NA,NA,NA,NA
"146","2018-06-24","-","-","-",NA,"-","-","-","-",NA,NA,NA,NA
"147","2018-06-25","1.3303","570","625",NA,"539","371","295","522",NA,NA,NA,NA
"148","2018-06-26","1.3306","590","639",NA,"567","419","355","540",NA,NA,NA,NA
"149","2018-06-27","1.3307","609","645",NA,"590","442","380","561",NA,NA,NA,NA
"150","2018-06-28","1.3267","613","650",NA,"595","431","364","565",NA,NA,NA,NA
"151","2018-06-29","1.3168","614","658",NA,"591","440","376","567",NA,NA,NA,NA
"152","2018-05-01","-","-","-",NA,"-","-","-","-",NA,NA,NA,NA
"153","2018-05-02","1.2851","549","593",NA,"517","426","374","493",NA,NA,NA,NA
"154","2018-05-03","1.2862","554","596",NA,"522","425","371","495",NA,NA,NA,NA
"155","2018-05-04","1.2861","564","606",NA,"534","434","379","508",NA,NA,NA,NA
"156","2018-05-05","-","-","-",NA,"-","-","-","-",NA,NA,NA,NA
"157","2018-05-06","-","-","-",NA,"-","-","-","-",NA,NA,NA,NA
"158","2018-05-07","1.2864","572","616",NA,"547","444","390","518",NA,NA,NA,NA
"159","2018-05-08","1.2963","563","610",NA,"537","434","380","506",NA,NA,NA,NA
"160","2018-05-09","1.2856","575","624",NA,"552","450","398","522",NA,NA,NA,NA
"161","2018-05-10","1.2775","573","623",NA,"545","451","401","519",NA,NA,NA,NA
"162","2018-05-11","1.2779","568","620",NA,"543","448","399","514",NA,NA,NA,NA
"163","2018-05-12","-","-","-",NA,"-","-","-","-",NA,NA,NA,NA
"164","2018-05-13","-","-","-",NA,"-","-","-","-",NA,NA,NA,NA
"165","2018-05-14","1.2775","570","629",NA,"547","448","400","516",NA,NA,NA,NA
"166","2018-05-15","1.2876","578","635",NA,"562","468","427","523",NA,NA,NA,NA
"167","2018-05-16","1.2809","576","639",NA,"561","467","426","522",NA,NA,NA,NA
"168","2018-05-17","1.2801","576","639",NA,"561","439","430","522",NA,NA,NA,NA
"169","2018-05-18","1.2880","577","636",NA,"564","437","383","523",NA,NA,NA,NA
"170","2018-05-19","-","-","-",NA,"-","-","-","-",NA,NA,NA,NA
"171","2018-05-20","-","-","-",NA,"-","-","-","-",NA,NA,NA,NA
"172","2018-05-21","1.2880","585","642",NA,"571","448","396","530",NA,NA,NA,NA
"173","2018-05-22","1.2786","580","640",NA,"566","438","383","525",NA,NA,NA,NA
"174","2018-05-23","1.2876","582","646",NA,"556","444","391","526",NA,NA,NA,NA
"175","2018-05-24","1.2891","573","639",NA,"541","433","379","516",NA,NA,NA,NA
"176","2018-05-25","1.2974","554","624",NA,"538","413","359","496",NA,NA,NA,NA
"177","2018-05-26","-","-","-",NA,"-","-","-","-",NA,NA,NA,NA
"178","2018-05-27","-","-","-",NA,"-","-","-","-",NA,NA,NA,NA
"179","2018-05-28","-","-","-",NA,"-","-","-","-",NA,NA,NA,NA
"180","2018-05-29","1.3020","546","617",NA,"522","387","323","473",NA,NA,NA,NA
"181","2018-05-30","1.2897","553","629",NA,"523","348","265","480",NA,NA,NA,NA
"182","2018-05-31","1.2948","546","632",NA,"520","342","257","473",NA,NA,NA,NA
"183","2018-04-01","-","-","-",NA,"-","-","-","-",NA,NA,NA,NA
"184","2018-04-02","1.2894","511","569",NA,"519","333","302","479",NA,NA,NA,NA
"185","2018-04-03","1.2908","516","553",NA,"510","368","302","476",NA,NA,NA,NA
"186","2018-04-04","1.2809","511","548",NA,"498","377","316","468",NA,NA,NA,NA
"187","2018-04-05","1.2776","511","549",NA,"497","374","312","468",NA,NA,NA,NA
"188","2018-04-06","1.2764","498","539",NA,"483","362","299","453",NA,NA,NA,NA
"189","2018-04-07","-","-","-",NA,"-","-","-","-",NA,NA,NA,NA
"190","2018-04-08","-","-","-",NA,"-","-","-","-",NA,NA,NA,NA
"191","2018-04-09","1.2729","508","550",NA,"485","378","318","461",NA,NA,NA,NA
"192","2018-04-10","1.2618","520","564",NA,"501","395","339","474",NA,NA,NA,NA
"193","2018-04-11","1.2584","529","570",NA,"511","410","357","482",NA,NA,NA,NA
"194","2018-04-12","1.2596","531","571",NA,"514","413","360","484",NA,NA,NA,NA
"195","2018-04-13","1.2597","534","575",NA,"517","415","361","487",NA,NA,NA,NA
"196","2018-04-14","-","-","-",NA,"-","-","-","-",NA,NA,NA,NA
"197","2018-04-15","-","-","-",NA,"-","-","-","-",NA,NA,NA,NA
"198","2018-04-16","1.2579","524","565",NA,"509","405","351","477",NA,NA,NA,NA
"199","2018-04-17","1.2552","525","565",NA,"509","394","341","478",NA,NA,NA,NA
"200","2018-04-18","1.2614","543","583",NA,"527","406","389","487",NA,NA,NA,NA
"201","2018-04-19","1.2633","543","586",NA,"526","406","349","487",NA,NA,NA,NA
"202","2018-04-20","1.2728","547","593",NA,"531","410","352","491",NA,NA,NA,NA
"203","2018-04-21","-","-","-",NA,"-","-","-","-",NA,NA,NA,NA
"204","2018-04-22","-","-","-",NA,"-","-","-","-",NA,NA,NA,NA
"205","2018-04-23","1.2833","554","603",NA,"538","416","359","497",NA,NA,NA,NA
"206","2018-04-24","1.2828","546","596",NA,"530","408","351","489",NA,NA,NA,NA
"207","2018-04-25","1.2869","551","599",NA,"527","412","356","494",NA,NA,NA,NA
"208","2018-04-26","1.2862","552","605",NA,"525","411","353","495",NA,NA,NA,NA
"209","2018-04-27","1.2857","551","609",NA,"522","408","349","494",NA,NA,NA,NA
"210","2018-04-28","-","-","-",NA,"-","-","-","-",NA,NA,NA,NA
"211","2018-04-29","-","-","-",NA,"-","-","-","-",NA,NA,NA,NA
"212","2018-04-30","1.2836","554","607",NA,"543","420","364","505",NA,NA,NA,NA
"213","2018-03-01","1.2851","493","531",NA,"506","293","200","459",NA,NA,NA,NA
"214","2018-03-02","1.2891","497","522",NA,"510","300","208","462",NA,NA,NA,NA
"215","2018-03-03","-","-","-",NA,"-","-","-","-",NA,NA,NA,NA
"216","2018-03-03","-","-","-",NA,"-","-","-","-",NA,NA,NA,NA
"217","2018-03-05","1.2977","511","535",NA,"530","303","203","477",NA,NA,NA,NA
"218","2018-03-06","1.2898","508","534",NA,"534","293","193","480",NA,NA,NA,NA
"219","2018-03-07","1.2947","498","524",NA,"537","278","167","472",NA,NA,NA,NA
"220","2018-03-08","1.2927","489","517",NA,"523","275","172","469",NA,NA,NA,NA
"221","2018-03-09","1.2840","501","529",NA,"525","295","195","472",NA,NA,NA,NA
"222","2018-03-10","-","-","-",NA,"-","-","-","-",NA,NA,NA,NA
"223","2018-03-11","-","-","-",NA,"-","-","-","-",NA,NA,NA,NA
"224","2018-03-12","1.2830","495","524",NA,"519","289","189","466",NA,NA,NA,NA
"225","2018-03-13","1.2912","493","525",NA,"517","286","185","461",NA,NA,NA,NA
"226","2018-03-14","1.2944","496","528",NA,"504","287","187","465",NA,NA,NA,NA
"227","2018-03-15","1.3032","502","534",NA,"510","284","183","469",NA,NA,NA,NA
"228","2018-03-16","1.3088","513","545",NA,"526","306","208","480",NA,NA,NA,NA
"229","2018-03-17","-","-","-",NA,"-","-","-","-",NA,NA,NA,NA
"230","2018-03-18","-","-","-",NA,"-","-","-","-",NA,NA,NA,NA
"231","2018-03-19","1.3079","511","543",NA,"525","310","218","478",NA,NA,NA,NA
"232","2018-03-20","1.3077","521","555",NA,"536","319","227","480",NA,NA,NA,NA
"233","2018-03-21","1.2958","531","566",NA,"550","331","239","490",NA,NA,NA,NA
"234","2018-03-22","1.2908","522","559",NA,"540","331","243","487",NA,NA,NA,NA
"235","2018-03-23","1.2856","533","570",NA,"549","343","255","498",NA,NA,NA,NA
"236","2018-03-24","-","-","-",NA,"-","-","-","-",NA,NA,NA,NA
"237","2018-03-25","-","-","-",NA,"-","-","-","-",NA,NA,NA,NA
"238","2018-03-26","1.2886","531","568",NA,"545","337","247","496",NA,NA,NA,NA
"239","2018-03-27","1.2869","528","568",NA,"540","345","263","493",NA,NA,NA,NA
"240","2018-03-28","1.2902","522","564",NA,"531","348","271","487",NA,NA,NA,NA
"241","2018-03-29","1.2894","527","570",NA,"535","333","255","491",NA,NA,NA,NA
"242","2018-02-01","1.2288","509","534",NA,"489","273","175","454",NA,NA,NA,NA
"243","2018-02-02","1.2380","510","534",NA,"494","272","173","456",NA,NA,NA,NA
"244","2018-02-03","-","-","-",NA,"-","-","-","-",NA,NA,NA,NA
"245","2018-02-04","-","-","-",NA,"-","-","-","-",NA,NA,NA,NA
"246","2018-02-05","1.2483","504","531",NA,"489","262","163","452",NA,NA,NA,NA
"247","2018-02-06","1.2530","500","527",NA,"492","263","164","449",NA,NA,NA,NA
"248","2018-02-07","1.2546","488","517",NA,"487","261","164","439",NA,NA,NA,NA
"249","2018-02-08","1.2585","484","513",NA,"478","278","164","434",NA,NA,NA,NA
"250","2018-02-09","1.2609","470","498",NA,"467","287","199","418",NA,NA,NA,NA
"251","2018-02-10","-","-","-",NA,"-","-","-","-",NA,NA,NA,NA
"252","2018-02-11","-","-","-",NA,"-","-","-","-",NA,NA,NA,NA
"253","2018-02-12","1.2603","470","496",NA,"468","302","218","419",NA,NA,NA,NA
"254","2018-02-13","1.2600","469","497",NA,"469","303","222","418",NA,NA,NA,NA
"255","2018-02-14","1.2562","479","509",NA,"484","277","188","429",NA,NA,NA,NA
"256","2018-02-15","1.2507","483","506",NA,"487","273","186","431",NA,NA,NA,NA
"257","2018-02-16","1.2540","487","511",NA,"491","276","185","441",NA,NA,NA,NA
"258","2018-02-17","-","-","-",NA,"-","-","-","-",NA,NA,NA,NA
"259","2018-02-18","-","-","-",NA,"-","-","-","-",NA,NA,NA,NA
"260","2018-02-19","-","-","-",NA,"-","-","-","-",NA,NA,NA,NA
"261","2018-02-20","1.2622","491","518",NA,"495","268","171","446",NA,NA,NA,NA
"262","2018-02-21","1.2671","492","521",NA,"498","265","166","446",NA,NA,NA,NA
"263","2018-02-22","1.2709","502","531",NA,"509","272","172","456",NA,NA,NA,NA
"264","2018-02-23","1.2668","506","536",NA,"511","287","192","468",NA,NA,NA,NA
"265","2018-02-24","-","-","-",NA,"-","-","-","-",NA,NA,NA,NA
"266","2018-02-25","-","-","-",NA,"-","-","-","-",NA,NA,NA,NA
"267","2018-02-26","1.2686","510","539",NA,"516","297","204","472",NA,NA,NA,NA
"268","2018-02-27","1.2740","505","534",NA,"513","301","212","468",NA,NA,NA,NA
"269","2018-02-28","1.2809","497","530",NA,"505","293","203","461",NA,NA,NA,NA
"270","2018-01-02","1.2517","475","524",NA,"458","278","190","420",NA,NA,NA,NA
"271","2018-01-03","1.2533","486","535",NA,"462","297","220","420",NA,NA,NA,NA
"272","2018-01-04","1.2515","488","536",NA,"457","292","214","421",NA,NA,NA,NA
"273","2018-01-05","1.2403","479","528",NA,"449","284","205","413",NA,NA,NA,NA
"274","2018-01-06","-","-","-",NA,"-","-","-","-",NA,NA,NA,NA
"275","2018-01-07","-","-","-",NA,"-","-","-","-",NA,NA,NA,NA
"276","2018-01-08","1.2422","482","530",NA,"451","284","201","422",NA,NA,NA,NA
"277","2018-01-09","1.2454","493","539",NA,"465","292","210","435",NA,NA,NA,NA
"278","2018-01-10","1.2496","500","544",NA,"474","300","221","445",NA,NA,NA,NA
"279","2018-01-11","1.2535","503","546",NA,"481","303","223","449",NA,NA,NA,NA
"280","2018-01-12","1.2504","506","550",NA,"486","311","232","454",NA,NA,NA,NA
"281","2018-01-13","-","-","-",NA,"-","-","-","-",NA,NA,NA,NA
"282","2018-01-14","-","-","-",NA,"-","-","-","-",NA,NA,NA,NA
"283","2018-01-15","-","-","-",NA,"-","-","-","-",NA,NA,NA,NA
"284","2018-01-16","1.2419","498","540",NA,"472","334","267","444",NA,NA,NA,NA
"285","2018-01-17","1.2425","500","542",NA,"486","314","238","446",NA,NA,NA,NA
"286","2018-01-18","1.2446","501","543",NA,"486","310","231","447",NA,NA,NA,NA
"287","2018-01-19","1.2459","497","538",NA,"484","287","201","448",NA,NA,NA,NA
"288","2018-01-20","-","-","-",NA,"-","-","-","-",NA,NA,NA,NA
"289","2018-01-21","-","-","-",NA,"-","-","-","-",NA,NA,NA,NA
"290","2018-01-22","1.2458","497","541",NA,"482","290","207","440",NA,NA,NA,NA
"291","2018-01-23","1.2454","505","548",NA,"484","288","201","451",NA,NA,NA,NA
"292","2018-01-24","1.2341","509","547",NA,"490","290","203","455",NA,NA,NA,NA
"293","2018-01-25","1.2323","508","546",NA,"489","290","203","454",NA,NA,NA,NA
"294","2018-01-26","1.2321","513","547",NA,"498","299","214","458",NA,NA,NA,NA
"295","2018-01-27","-","-","-",NA,"-","-","-","-",NA,NA,NA,NA
"296","2018-01-28","-","-","-",NA,"-","-","-","-",NA,NA,NA,NA
"297","2018-01-29","1.2335","509","539",NA,"495","291","204","454",NA,NA,NA,NA
"298","2018-01-30","1.2328","500","535",NA,"487","280","191","444",NA,NA,NA,NA
"299","2018-01-31","1.2293","501","534",NA,"487","276","186","444",NA,NA,NA,NA
"300","2017-12-01","1.2729","467","508",NA,"480","330","259","453",NA,NA,NA,NA
"301","2017-12-02","-","-","-",NA,"-","-","-","-",NA,NA,NA,NA
"302","2017-12-03","-","-","-",NA,"-","-","-","-",NA,NA,NA,NA
"303","2017-12-04","1.2695","459","499",NA,"469","319","251","442",NA,NA,NA,NA
"304","2017-12-05","1.2680","460","501",NA,"470","321","253","438",NA,NA,NA,NA
"305","2017-12-06","1.2757","449","491",NA,"450","301","229","424",NA,NA,NA,NA
"306","2017-12-07","1.2843","458","502",NA,"454","302","225","431",NA,NA,NA,NA
"307","2017-12-08","1.2860","464","513",NA,"456","300","220","433",NA,NA,NA,NA
"308","2017-12-09","-","-","-",NA,"-","-","-","-",NA,NA,NA,NA
"309","2017-12-10","-","-","-",NA,"-","-","-","-",NA,NA,NA,NA
"310","2017-12-11","1.2854","469","523",NA,"451","293","209","433",NA,NA,NA,NA
"311","2017-12-12","1.2871","463","513",NA,"438","248","149","424",NA,NA,NA,NA
"312","2017-12-13","1.2852","458","505",NA,"432","241","146","419",NA,NA,NA,NA
"313","2017-12-14","1.2805","459","510",NA,"436","258","171","421",NA,NA,NA,NA
"314","2017-12-15","1.2834","463","510",NA,"439","253","161","424",NA,NA,NA,NA
"315","2017-12-16","-","-","-",NA,"-","-","-","-",NA,NA,NA,NA
"316","2017-12-17","-","-","-",NA,"-","-","-","-",NA,NA,NA,NA
"317","2017-12-18","1.2865","463","513",NA,"443","265","178","424",NA,NA,NA,NA
"318","2017-12-19","1.2886","466","517",NA,"440","256","164","403",NA,NA,NA,NA
"319","2017-12-20","1.2842","469","521",NA,"441","252","159","407",NA,NA,NA,NA
"320","2017-12-21","1.2734","467","520",NA,"439","253","160","405",NA,NA,NA,NA
"321","2017-12-22","1.2759","469","524",NA,"434","257","164","407",NA,NA,NA,NA
"322","2017-12-23","-","-","-",NA,"-","-","-","-",NA,NA,NA,NA
"323","2017-12-24","-","-","-",NA,"-","-","-","-",NA,NA,NA,NA
"324","2017-12-24","-","-","-",NA,"-","-","-","-",NA,NA,NA,NA
"325","2017-12-26","1.2759","481","538",NA,"453","269","176","410",NA,NA,NA,NA
"326","2017-12-27","1.2641","474","528",NA,"446","264","172","403",NA,NA,NA,NA
"327","2017-12-28","1.2588","474","528",NA,"446","177","172","403",NA,NA,NA,NA
"328","2017-12-29","1.2545","477","526",NA,"449","272","182","410",NA,NA,NA,NA
"329","2017-12-30","-","-","-",NA,"-","-","-","-",NA,NA,NA,NA
"330","2017-12-31","-","-","-",NA,"-","-","-","-",NA,NA,NA,NA
"331","2017-11-01","1.2885","440","497",NA,"457","325","259","427",NA,NA,NA,NA
"332","2017-11-02","1.2822","440","489",NA,"458","328","264","427",NA,NA,NA,NA
"333","2017-11-03","1.2764","447","498",NA,"464","332","267","434",NA,NA,NA,NA
"334","2017-11-04","-","-","-",NA,"-","-","-","-",NA,NA,NA,NA
"335","2017-11-05","-","-","-",NA,"-","-","-","-",NA,NA,NA,NA
"336","2017-11-06","1.2746","460","515",NA,"476","348","283","448",NA,NA,NA,NA
"337","2017-11-07","1.2785","460","512",NA,"477","351","290","449",NA,NA,NA,NA
"338","2017-11-08","1.2729","455","508",NA,"472","342","282","444",NA,NA,NA,NA
"339","2017-11-09","1.2692","456","510",NA,"474","342","282","447",NA,NA,NA,NA
"340","2017-11-10","1.2683","453","507",NA,"475","338","274","444",NA,NA,NA,NA
"341","2017-11-11","-","-","-",NA,"-","-","-","-",NA,NA,NA,NA
"342","2017-11-12","-","-","-",NA,"-","-","-","-",NA,NA,NA,NA
"343","2017-11-13","1.2683","453","504",NA,"475","341","277","444",NA,NA,NA,NA
"344","2017-11-14","1.2733","446","498",NA,"469","333","268","438",NA,NA,NA,NA
"345","2017-11-15","1.2733","443","496",NA,"464","329","265","434",NA,NA,NA,NA
"346","2017-11-16","1.2745","442","492",NA,"464","328","264","433",NA,NA,NA,NA
"347","2017-11-17","1.2783","455","509",NA,"471","330","263","446",NA,NA,NA,NA
"348","2017-11-18","-","-","-",NA,"-","-","-","-",NA,NA,NA,NA
"349","2017-11-19","-","-","-",NA,"-","-","-","-",NA,NA,NA,NA
"350","2017-11-20","1.2793","451","503",NA,"473","327","261","442",NA,NA,NA,NA
"351","2017-11-21","1.2778","457","500",NA,"476","326","257","443",NA,NA,NA,NA
"352","2017-11-22","1.2729","465","502",NA,"481","326","253","450",NA,NA,NA,NA
"353","2017-11-23","-","-","-",NA,"-","-","-","-",NA,NA,NA,NA
"354","2017-11-24","1.2708","471","510",NA,"488","333","261","456",NA,NA,NA,NA
"355","2017-11-25","-","-","-",NA,"-","-","-","-",NA,NA,NA,NA
"356","2017-11-26","-","-","-",NA,"-","-","-","-",NA,NA,NA,NA
"357","2017-11-27","1.2735","465","511",NA,"479","329","258","450",NA,NA,NA,NA
"358","2017-11-28","1.2807","467","512",NA,"478","333","263","452",NA,NA,NA,NA
"359","2017-11-29","1.2853","463","510",NA,"475","324","253","448",NA,NA,NA,NA
"360","2017-11-30","1.2888","465","515",NA,"479","327","255","452",NA,NA,NA,NA
"361","2017-10-01","-","-","-",NA,"-","-","-","-",NA,NA,NA,NA
"362","2017-10-02","1.2505","398","452",NA,"421","309","265","387",NA,NA,NA,NA
"363","2017-10-03","1.2500","396","440",NA,"429","310","266","388",NA,NA,NA,NA
"364","2017-10-04","1.2479","392","438",NA,"421","304","261","382",NA,NA,NA,NA
"365","2017-10-05","1.2548","401","450",NA,"433","312","267","394",NA,NA,NA,NA
"366","2017-10-06","1.2549","389","439",NA,"427","301","256","383",NA,NA,NA,NA
"367","2017-10-07","-","-","-",NA,"-","-","-","-",NA,NA,NA,NA
"368","2017-10-08","-","-","-",NA,"-","-","-","-",NA,NA,NA,NA
"369","2017-10-09","1.2549","391","440",NA,"429","303","258","385",NA,NA,NA,NA
"370","2017-10-10","1.2501","400","437",NA,"441","313","269","394",NA,NA,NA,NA
"371","2017-10-11","1.2498","403","448",NA,"444","316","271","397",NA,NA,NA,NA
"372","2017-10-12","1.2472","397","441",NA,"439","309","265","391",NA,NA,NA,NA
"373","2017-10-13","1.2487","404","449",NA,"445","315","269","398",NA,NA,NA,NA
"374","2017-10-14","-","-","-",NA,"-","-","-","-",NA,NA,NA,NA
"375","2017-10-15","-","-","-",NA,"-","-","-","-",NA,NA,NA,NA
"376","2017-10-16","1.2529","409","456",NA,"446","321","276","393",NA,NA,NA,NA
"377","2017-10-17","1.2548","409","457",NA,"444","326","270","403",NA,NA,NA,NA
"378","2017-10-18","1.2486","409","458",NA,"422","315","264","403",NA,NA,NA,NA
"379","2017-10-19","1.2478","403","449",NA,"420","310","262","396",NA,NA,NA,NA
"380","2017-10-20","1.2601","408","458",NA,"428","316","269","394",NA,NA,NA,NA
"381","2017-10-21","-","-","-",NA,"-","-","-","-",NA,NA,NA,NA
"382","2017-10-22","-","-","-",NA,"-","-","-","-",NA,NA,NA,NA
"383","2017-10-23","1.2644","412","456",NA,"431","313","263","398",NA,NA,NA,NA
"384","2017-10-24","1.2666","418","465",NA,"436","316","263","402",NA,NA,NA,NA
"385","2017-10-25","1.2771","419","469",NA,"447","317","266","403",NA,NA,NA,NA
"386","2017-10-26","1.2831","425","479",NA,"443","323","270","410",NA,NA,NA,NA
"387","2017-10-27","1.2874","439","489",NA,"457","332","279","423",NA,NA,NA,NA
"388","2017-10-28","-","-","-",NA,"-","-","-","-",NA,NA,NA,NA
"389","2017-10-29","-","-","-",NA,"-","-","-","-",NA,NA,NA,NA
"390","2017-10-30","1.2837","437","492",NA,"453","333","275","422",NA,NA,NA,NA
"391","2017-10-31","1.2893","441","498",NA,"461","334","276","428",NA,NA,NA,NA
"392","2017-09-01","1.2390","369","410",NA,"381","267","218","348",NA,NA,NA,NA
"393","2017-09-02","-","-","-",NA,"-","-","-","-",NA,NA,NA,NA
"394","2017-09-03","-","-","-",NA,"-","-","-","-",NA,NA,NA,NA
"395","2017-09-04","-","-","-",NA,"-","-","-","-",NA,NA,NA,NA
"396","2017-09-05","1.2371","379","413",NA,"392","278","229","358",NA,NA,NA,NA
"397","2017-09-06","1.2264","379","416",NA,"398","292","249","359",NA,NA,NA,NA
"398","2017-09-07","1.2148","375","415",NA,"392","290","247","355",NA,NA,NA,NA
"399","2017-09-08","1.2132","362","410",NA,"381","276","233","342",NA,NA,NA,NA
"400","2017-09-09","-","-","-",NA,"-","-","-","-",NA,NA,NA,NA
"401","2017-09-10","-","-","-",NA,"-","-","-","-",NA,NA,NA,NA
"402","2017-09-11","1.2128","366","411",NA,"390","278","235","346",NA,NA,NA,NA
"403","2017-09-12","1.2159","369","415",NA,"403","281","238","349",NA,NA,NA,NA
"404","2017-09-13","1.2187","378","423",NA,"409","284","238","358",NA,NA,NA,NA
"405","2017-09-14","1.2198","383","426",NA,"413","289","243","363",NA,NA,NA,NA
"406","2017-09-15","1.2182","382","426",NA,"413","288","243","373",NA,NA,NA,NA
"407","2017-09-16","-","-","-",NA,"-","-","-","-",NA,NA,NA,NA
"408","2017-09-17","-","-","-",NA,"-","-","-","-",NA,NA,NA,NA
"409","2017-09-18","1.2238","384","427",NA,"393","295","251","375",NA,NA,NA,NA
"410","2017-09-19","1.2277","382","426",NA,"391","293","249","361",NA,NA,NA,NA
"411","2017-09-20","1.2273","389","430",NA,"396","302","259","368",NA,NA,NA,NA
"412","2017-09-21","1.2339","392","438",NA,"399","303","260","373",NA,NA,NA,NA
"413","2017-09-22","1.2317","399","439",NA,"403","303","260","380",NA,NA,NA,NA
"414","2017-09-23","-","-","-",NA,"-","-","-","-",NA,NA,NA,NA
"415","2017-09-24","-","-","-",NA,"-","-","-","-",NA,NA,NA,NA
"416","2017-09-25","1.2341","405","458",NA,"419","318","275","391",NA,NA,NA,NA
"417","2017-09-26","1.2370","404","455",NA,"418","316","273","388",NA,NA,NA,NA
"418","2017-09-27","1.2412","407","452",NA,"420","319","276","389",NA,NA,NA,NA
"419","2017-09-28","1.2450","404","450",NA,"416","315","272","387",NA,NA,NA,NA
"420","2017-09-29","1.2480","406","452",NA,"421","317","274","391",NA,NA,NA,NA
"421","2017-08-01","1.2514","387","414",NA,"395","307","273","366",NA,NA,NA,NA
"422","2017-08-02","1.2560","392","414",NA,"400","312","274","371",NA,NA,NA,NA
"423","2017-08-03","1.2578","388","411",NA,"398","309","272","367",NA,NA,NA,NA
"424","2017-08-04","1.2638","394","417",NA,"404","315","278","372",NA,NA,NA,NA
"425","2017-08-05","-","-","-",NA,"-","-","-","-",NA,NA,NA,NA
"426","2017-08-06","-","-","-",NA,"-","-","-","-",NA,NA,NA,NA
"427","2017-08-07","1.2638","393","416",NA,"403","314","276","370",NA,NA,NA,NA
"428","2017-08-08","1.2672","392","416",NA,"399","312","276","368",NA,NA,NA,NA
"429","2017-08-09","1.2705","396","421",NA,"403","316","280","372",NA,NA,NA,NA
"430","2017-08-10","1.2711","388","414",NA,"396","308","271","365",NA,NA,NA,NA
"431","2017-08-11","1.2677","389","413",NA,"398","309","273","366",NA,NA,NA,NA
"432","2017-08-12","-","-","-",NA,"-","-","-","-",NA,NA,NA,NA
"433","2017-08-13","-","-","-",NA,"-","-","-","-",NA,NA,NA,NA
"434","2017-08-14","1.2725","381","403",NA,"388","301","265","357",NA,NA,NA,NA
"435","2017-08-15","1.2755","381","408",NA,"387","304","268","357",NA,NA,NA,NA
"436","2017-08-16","1.2699","374","402",NA,"379","297","261","326",NA,NA,NA,NA
"437","2017-08-17","1.2647","375","406",NA,"380","301","267","340",NA,NA,NA,NA
"438","2017-08-18","1.2586","384","418",NA,"392","306","270","360",NA,NA,NA,NA
"439","2017-08-19","-","-","-",NA,"-","-","-","-",NA,NA,NA,NA
"440","2017-08-20","-","-","-",NA,"-","-","-","-",NA,NA,NA,NA
"441","2017-08-21","1.2575","375","409",NA,"381","295","259","350",NA,NA,NA,NA
"442","2017-08-22","1.2552","376","410",NA,"383","299","263","352",NA,NA,NA,NA
"443","2017-08-23","1.2575","383","416",NA,"390","304","268","359",NA,NA,NA,NA
"444","2017-08-24","1.2586","375","412",NA,"383","299","263","353",NA,NA,NA,NA
"445","2017-08-25","1.2492","376","412",NA,"385","300","264","354",NA,NA,NA,NA
"446","2017-08-26","-","-","-",NA,"-","-","-","-",NA,NA,NA,NA
"447","2017-08-27","-","-","-",NA,"-","-","-","-",NA,NA,NA,NA
"448","2017-08-27","1.2482","366","409",NA,"373","286","248","344",NA,NA,NA,NA
"449","2017-08-28","1.2515","366","409",NA,"373","279","237","345",NA,NA,NA,NA
"450","2017-08-29","1.2605","364","403",NA,"377","271","223","345",NA,NA,NA,NA
"451","2017-08-30","1.2536","372","413",NA,"384","284","240","353",NA,NA,NA,NA
"452","2017-08-31","1.2536","372","413",NA,"384","284","240","353",NA,NA,NA,NA
"453","2017-07-03","1.2977","384","391",NA,"387","304","273","361",NA,NA,NA,NA
"454","2017-07-05","1.2982","369","390",NA,"375","289","256","346",NA,NA,NA,NA
"455","2017-07-06","1.2946","371","392",NA,"377","290","257","348",NA,NA,NA,NA
"456","2017-07-07","1.2887","359","379",NA,"365","278","245","336",NA,NA,NA,NA
"457","2017-07-08","-","-","-",NA,"-","-","-","-",NA,NA,NA,NA
"458","2017-07-09","-","-","-",NA,"-","-","-","-",NA,NA,NA,NA
"459","2017-07-10","1.2888","360","380",NA,"366","282","248","337",NA,NA,NA,NA
"460","2017-07-11","1.2920","366","386",NA,"373","288","254","343",NA,NA,NA,NA
"461","2017-07-12","1.2794","366","384",NA,"377","290","258","344",NA,NA,NA,NA
"462","2017-07-13","1.2743","369","388",NA,"381","296","264","347",NA,NA,NA,NA
"463","2017-07-14","1.2672","371","390",NA,"383","298","267","349",NA,NA,NA,NA
"464","2017-07-15","-","-","-",NA,"-","-","-","-",NA,NA,NA,NA
"465","2017-07-16","-","-","-",NA,"-","-","-","-",NA,NA,NA,NA
"466","2017-07-17","1.2669","367","386",NA,"380","293","259","345",NA,NA,NA,NA
"467","2017-07-18","1.2628","369","388",NA,"386","289","257","347",NA,NA,NA,NA
"468","2017-07-19","1.2595","373","394",NA,"394","297","264","352",NA,NA,NA,NA
"469","2017-07-20","1.2585","370","390",NA,"389","293","261","349",NA,NA,NA,NA
"470","2017-07-21","1.2549","361","379",NA,"375","284","251","345",NA,NA,NA,NA
"471","2017-07-22","-","-","-",NA,"-","-","-","-",NA,NA,NA,NA
"472","2017-07-23","-","-","-",NA,"-","-","-","-",NA,NA,NA,NA
"473","2017-07-24","1.2512","365","382",NA,"378","287","253","348",NA,NA,NA,NA
"474","2017-07-25","1.2507","377","395",NA,"389","299","266","358",NA,NA,NA,NA
"475","2017-07-26","1.2505","383","401",NA,"396","305","271","365",NA,NA,NA,NA
"476","2017-07-27","1.2520","386","405",NA,"398","308","273","367",NA,NA,NA,NA
"477","2017-07-28","1.2447","389","411",NA,"401","311","277","371",NA,NA,NA,NA
"478","2017-07-29","","","",NA,"","","","",NA,NA,NA,NA
"479","2017-07-30","","","",NA,"","","","",NA,NA,NA,NA
"480","2017-07-31","1.2485","394","413",NA,"406","314","280","374",NA,NA,NA,NA
"481","2017-05-01","1.3500","411","427",NA,"409","324","290","387",NA,NA,NA,NA
"482","2017-06-02","1.3504","405","412",NA,"403","318","285","381",NA,NA,NA,NA
"483","2017-06-05","1.3483","402","420",NA,"400","315","282","388",NA,NA,NA,NA
"484","2017-06-06","1.3461","408","424",NA,"403","321","288","382",NA,NA,NA,NA
"485","2017-06-07","1.3492","388","408",NA,"386","299","269","362",NA,NA,NA,NA
"486","2017-06-08","1.3503","388","406",NA,"390","299","267","363",NA,NA,NA,NA
"487","2017-06-09","1.3453","388","407",NA,"389","300","268","363",NA,NA,NA,NA
"488","2017-06-12","1.3415","389","407",NA,"393","301","270","365",NA,NA,NA,NA
"489","2017-06-13","1.3238","387","406",NA,"391","300","269","363",NA,NA,NA,NA
"490","2017-06-14","1.3209","372","390",NA,"379","285","251","348",NA,NA,NA,NA
"491","2017-06-15","1.3283","371","392",NA,"379","286","254","348",NA,NA,NA,NA
"492","2017-06-16","1.3232","372","394",NA,"377","288","257","349",NA,NA,NA,NA
"493","2017-06-19","1.3220","368","390",NA,"372","277","243","344",NA,NA,NA,NA
"494","2017-06-20","1.3267","361","384",NA,"364","271","237","337",NA,NA,NA,NA
"495","2017-06-21","1.3310","356","375",NA,"356","267","233","332",NA,NA,NA,NA
"496","2017-06-22","1.3241","356","377",NA,"355","271","238","330",NA,NA,NA,NA
"497","2017-06-23","1.3268","359","380",NA,"358","273","239","333",NA,NA,NA,NA
"498","2017-06-26","1.3238","361","382",NA,"360","276","242","335",NA,NA,NA,NA
"499","2017-06-27","1.3188","367","387",NA,"367","282","249","341",NA,NA,NA,NA
"500","2017-06-28","1.3060","368","389",NA,"368","285","253","336",NA,NA,NA,NA
"501","2017-06-29","1.3015","368","388",NA,"369","286","255","336",NA,NA,NA,NA
"502","2017-06-30","1.2977","376","391",NA,"378","296","264","352",NA,NA,NA,NA
"503","2017-05-01","1.3660","420","444",NA,"428","342","308","403",NA,NA,NA,NA
"504","2017-05-02","1.3720","411","435",NA,"417","332","298","394",NA,NA,NA,NA
"505","2017-05-03","1.3714","413","438",NA,"418","333","299","393",NA,NA,NA,NA
"506","2017-05-04","1.3743","393","418",NA,"398","313","279","374",NA,NA,NA,NA
"507","2017-05-05","1.3712","399","423",NA,"400","316","280","378",NA,NA,NA,NA
"508","2017-05-06","-","-","-",NA,"-","-","-","-",NA,NA,NA,NA
"509","2017-05-07","-","-","-",NA,"-","-","-","-",NA,NA,NA,NA
"510","2017-05-08","1.3705","400","425",NA,"399","315","278","378",NA,NA,NA,NA
"511","2017-05-09","1.3728","396","421",NA,"394","309","271","373",NA,NA,NA,NA
"512","2017-05-10","1.3672","407","432",NA,"406","321","285","384",NA,NA,NA,NA
"513","2017-05-11","1.3707","412","438",NA,"409","327","291","389",NA,NA,NA,NA
"514","2017-05-12","1.3714","413","439",NA,"408","328","294","389",NA,NA,NA,NA
"515","2017-05-13","-","-","-",NA,"-","-","-","-",NA,NA,NA,NA
"516","2017-05-14","-","-","-",NA,"-","-","-","-",NA,NA,NA,NA
"517","2017-05-15","1.3641","419","445",NA,"413","336","301","395",NA,NA,NA,NA
"518","2017-05-16","1.3596","416","442",NA,"410","331","296","392",NA,NA,NA,NA
"519","2017-05-17","1.3614","420","447",NA,"416","335","302","396",NA,NA,NA,NA
"520","2017-05-18","1.3596","422","449",NA,"417","337","303","398",NA,NA,NA,NA
"521","2017-05-19","1.3544","429","457",NA,"426","344","310","399",NA,NA,NA,NA
"522","2017-05-20","-","-","-",NA,"-","-","-","-",NA,NA,NA,NA
"523","2017-05-21","-","-","-",NA,"-","-","-","-",NA,NA,NA,NA
"524","2017-05-22","1.3592","432","459",NA,"430","348","314","402",NA,NA,NA,NA
"525","2017-05-23","1.3490","437","460",NA,"432","351","316","410",NA,NA,NA,NA
"526","2017-05-24","1.3460","435","457",NA,"430","350","316","408",NA,NA,NA,NA
"527","2017-05-25","1.3662","414","435",NA,"416","330","296","388",NA,NA,NA,NA
"528","2017-05-26","1.3456","421","441",NA,"421","338","304","396",NA,NA,NA,NA
"529","2017-05-27","-","-","-",NA,"-","-","-","-",NA,NA,NA,NA
"530","2017-05-28","-","-","-",NA,"-","-","-","-",NA,NA,NA,NA
"531","2017-05-29","-","-","-",NA,"-","-","-","-",NA,NA,NA,NA
"532","2017-05-30","1.3469","421","439",NA,"423","339","306","398",NA,NA,NA,NA
"533","2017-05-31","1.3500","410","427",NA,"412","328","295","387",NA,NA,NA,NA
"534","2017-04-01","-",NA,NA,NA,NA,"-",NA,"-","-","-","-","-"
"535","2017-04-02","-",NA,NA,NA,NA,"-",NA,"-","-","-","-","-"
"536","2017-04-03","1.3384",NA,NA,NA,NA,"335",NA,"417","456","439","378","461"
"537","2017-04-04","1.3425",NA,NA,NA,NA,"345",NA,"415","453","447","388","474"
"538","2017-04-05","1.3409",NA,NA,NA,NA,"349",NA,"422","461","447","392","475"
"539","2017-04-06","1.3418",NA,NA,NA,NA,"355",NA,"422","460","452","399","480"
"540","2017-04-07","1.3395",NA,NA,NA,NA,"360",NA,"422","460","464","403","488"
"541","2017-04-08","-",NA,NA,NA,NA,"-",NA,"-","-","-","-","-"
"542","2017-04-09","-",NA,NA,NA,NA,"-",NA,"-","-","-","-","-"
"543","2017-04-10","1.3335",NA,NA,NA,NA,"369",NA,"399","438","442","413","467"
"544","2017-04-11","1.3320",NA,NA,NA,NA,"369",NA,"391","430","435","413","460"
"545","2017-04-12","1.3300",NA,NA,NA,NA,"370",NA,"383","422","427","413","451"
"546","2017-04-13","1.3289",NA,NA,NA,NA,"286",NA,"382","420","425","330","450"
"547","2017-04-14","-",NA,NA,NA,NA,"-",NA,"-","-","-","-","-"
"548","2017-04-15","-",NA,NA,NA,NA,"-",NA,"-","-","-","-","-"
"549","2017-04-15","-",NA,NA,NA,NA,"-",NA,"-","-","-","-","-"
"550","2017-04-17","1.3289",NA,NA,NA,NA,"362",NA,"377","416","421","406","448"
"551","2017-04-18","1.3377",NA,NA,NA,NA,"354",NA,"385","424","429","398","454"
"552","2017-04-19","1.3460",NA,NA,NA,NA,"340",NA,"385","424","443","383","450"
"553","2017-04-20","1.3482",NA,NA,NA,NA,"340",NA,"373","411","416","384","450"
"554","2017-04-21","1.3506",NA,NA,NA,NA,"334",NA,"378","416","437","377","449"
"555","2017-04-22","-",NA,NA,NA,NA,"-",NA,"-","-","-","-","-"
"556","2017-04-22","-",NA,NA,NA,NA,"-",NA,"-","-","-","-","-"
"557","2017-04-24","1.3492",NA,NA,NA,NA,"330",NA,"378","416","433","373","442"
"558","2017-04-25","1.3592",NA,NA,NA,NA,"338",NA,"385","424","439","382","441"
"559","2017-04-26","1.3593",NA,NA,NA,NA,"340",NA,"381","420","440","384","440"
"560","2017-04-27","1.3624",NA,NA,NA,NA,"337",NA,"402","422","419","381","444"
"561","2017-04-28","1.3662",NA,NA,NA,NA,"344",NA,"388","426","417","388","444"
"562","2017-04-29","-",NA,NA,NA,NA,"-",NA,"-","-","-","-","-"
"563","2017-04-30","-",NA,NA,NA,NA,"-",NA,"-","-","-","-","-"
"564","2017-03-01","1.3380",NA,NA,NA,NA,"336",NA,"425","463","469","380","485"
"565","2017-03-02","1.3387",NA,NA,NA,NA,"323",NA,"415","453","459","367","480"
"566","2017-03-03","1.3405",NA,NA,NA,NA,"330",NA,"422","461","465","373","488"
"567","2017-03-04","-",NA,NA,NA,NA,"-",NA,"-","-","-","-","-"
"568","2017-03-05","-",NA,NA,NA,NA,"-",NA,"-","-","-","-","-"
"569","2017-03-06","1.3404",NA,NA,NA,NA,"328",NA,"422","460","464","372","489"
"570","2017-03-07","1.3417",NA,NA,NA,NA,"329",NA,"422","460","464","373","488"
"571","2017-03-08","1.3475",NA,NA,NA,NA,"305",NA,"399","438","442","349","467"
"572","2017-03-09","1.3513",NA,NA,NA,NA,"296",NA,"391","430","435","340","460"
"573","2017-03-10","1.3464",NA,NA,NA,NA,"288",NA,"383","422","427","331","451"
"574","2017-03-11","-",NA,NA,NA,NA,"-",NA,"-","-","-","-","-"
"575","2017-03-12","-",NA,NA,NA,NA,"-",NA,"-","-","-","-","-"
"576","2017-03-13","1.3447",NA,NA,NA,NA,"286",NA,"382","420","425","330","450"
"577","2017-03-14","1.3484",NA,NA,NA,NA,"279",NA,"377","416","421","323","448"
"578","2017-03-15","1.3428",NA,NA,NA,NA,"289",NA,"385","424","429","332","454"
"579","2017-03-16","1.3319",NA,NA,NA,NA,"288",NA,"385","424","424","331","450"
"580","2017-03-17","1.3337",NA,NA,NA,NA,"305",NA,"373","411","416","349","450"
"581","2017-03-18","-",NA,NA,NA,NA,"-",NA,"-","-","-","-","-"
"582","2017-03-19","-",NA,NA,NA,NA,"-",NA,"-","-","-","-","-"
"583","2017-03-20","1.3358",NA,NA,NA,NA,"303",NA,"378","416","421","346","449"
"584","2017-03-21","1.3317",NA,NA,NA,NA,"294",NA,"378","416","412","338","442"
"585","2017-03-22","1.3360",NA,NA,NA,NA,"297",NA,"385","424","419","340","441"
"586","2017-03-23","1.3336",NA,NA,NA,NA,"293",NA,"381","420","416","336","440"
"587","2017-03-24","1.3374",NA,NA,NA,NA,"297",NA,"384","422","419","340","444"
"588","2017-03-25","-",NA,NA,NA,NA,"-",NA,"-","-","-","-","-"
"589","2017-03-25","-",NA,NA,NA,NA,"-",NA,"-","-","-","-","-"
"590","2017-03-27","1.3373",NA,NA,NA,NA,"297",NA,"388","426","417","341","444"
"591","2017-03-28","1.3374",NA,NA,NA,NA,"303",NA,"394","433","423","347","448"
"592","2017-03-29","1.3364",NA,NA,NA,NA,"314",NA,"403","441","432","357","457"
"593","2017-03-30","1.3304",NA,NA,NA,NA,"325",NA,"413","451","437","368","460"
"594","2017-03-31","1.3310",NA,NA,NA,NA,"328",NA,"413","451","437","372","465"
"595","2017-02-01","1.3089",NA,NA,NA,NA,"332",NA,"418","456","459","375","475"
"596","2017-02-02","1.3019",NA,NA,NA,NA,"327",NA,"411","449","454","370","480"
"597","2017-02-03","1.3004",NA,NA,NA,NA,"330",NA,"415","453","456","373","481"
"598","2017-02-04","-",NA,NA,NA,NA,"-",NA,"-","-","-","-","-"
"599","2017-02-05","-",NA,NA,NA,NA,"-",NA,"-","-","-","-","-"
"600","2017-02-06","1.3117",NA,NA,NA,NA,"326",NA,"411","449","453","369","476"
"601","2017-02-07","1.3167",NA,NA,NA,NA,"318",NA,"405","444","448","361","473"
"602","2017-02-06","1.3157",NA,NA,NA,NA,"316",NA,"406","444","449","359","473"
"603","2017-02-09","1.3141",NA,NA,NA,NA,"319",NA,"411","449","454","362","477"
"604","2017-02-10","1.3074",NA,NA,NA,NA,"321",NA,"416","454","458","364","482"
"605","2017-02-11","-",NA,NA,NA,NA,"-",NA,"-","-","-","-","-"
"606","2017-02-12","-",NA,NA,NA,NA,"-",NA,"-","-","-","-","-"
"607","2017-02-13","1.3071",NA,NA,NA,NA,"317",NA,"409","447","451","360","473"
"608","2017-02-14","1.3093",NA,NA,NA,NA,"320",NA,"412","449","454","363","477"
"609","2017-02-15","1.3084",NA,NA,NA,NA,"320",NA,"410","448","453","363","474"
"610","2017-02-16","1.3058",NA,NA,NA,NA,"325",NA,"412","450","454","368","473"
"611","2017-02-17","1.3116",NA,NA,NA,NA,"328",NA,"414","452","456","371","477"
"612","2017-02-18","-",NA,NA,NA,NA,"-",NA,"-","-","-","-","-"
"613","2017-02-19","-",NA,NA,NA,NA,"-",NA,"-","-","-","-","-"
"614","2017-02-20","-",NA,NA,NA,NA,"-",NA,"-","-","-","-","-"
"615","2017-02-21","1.3149",NA,NA,NA,NA,"331",NA,"423","461","463","374","485"
"616","2017-02-22","1.3187",NA,NA,NA,NA,"326",NA,"420","459","460","369","480"
"617","2017-02-23","1.3109",NA,NA,NA,NA,"332",NA,"424","462","464","375","483"
"618","2017-02-24","1.3104",NA,NA,NA,NA,"332",NA,"425","463","460","375","478"
"619","2017-02-25","-",NA,NA,NA,NA,"-",NA,"-","-","-","-","-"
"620","2017-02-26","-",NA,NA,NA,NA,"-",NA,"-","-","-","-","-"
"621","2017-02-27","1.3101",NA,NA,NA,NA,"332",NA,"421","459","461","375","477"
"622","2017-02-28","1.3248",NA,NA,NA,NA,"334",NA,"423","462","466","378","480"
"623","2017-01-03","1.3427",NA,NA,NA,NA,"309",NA,"416","455","458","353","485"
"624","2017-01-04","1.3293",NA,NA,NA,NA,"317",NA,"419","458","461","361","488"
"625","2017-01-05","1.3216",NA,NA,NA,NA,"322",NA,"423","461","462","365","489"
"626","2017-01-06","1.3216",NA,NA,NA,NA,"329",NA,"424","462","464","372","491"
"627","2017-01-07","-",NA,NA,NA,NA,"-",NA,"-","-","-","-","-"
"628","2017-01-08","-",NA,NA,NA,NA,"-",NA,"-","-","-","-","-"
"629","2017-01-09","1.3222",NA,NA,NA,NA,"317",NA,"407","446","448","360","473"
"630","2017-01-10","1.3208",NA,NA,NA,NA,"309",NA,"397","435","438","352","462"
"631","2017-01-11","1.3232",NA,NA,NA,NA,"320",NA,"409","447","450","364","475"
"632","2017-01-12","1.3130",NA,NA,NA,NA,"325",NA,"411","449","453","368","479"
"633","2017-01-13","1.3135",NA,NA,NA,NA,"321",NA,"407","445","448","364","474"
"634","2017-01-14","-",NA,NA,NA,NA,"-",NA,"-","-","-","-","-"
"635","2017-01-15","-",NA,NA,NA,NA,"-",NA,"-","-","-","-","-"
"636","2017-01-16","-",NA,NA,NA,NA,"-",NA,"-","-","-","-","-"
"637","2017-01-17","1.3060",NA,NA,NA,NA,"324",NA,"405","443","447","367","472"
"638","2017-01-18","1.3177",NA,NA,NA,NA,"314",NA,"398","436","439","357","463"
"639","2017-01-19","1.3329",NA,NA,NA,NA,"320",NA,"404","442","446","363","470"
"640","2017-01-20","1.3339",NA,NA,NA,NA,"328",NA,"413","451","456","372","482"
"641","2017-01-22","-",NA,NA,NA,NA,"-",NA,"-","-","-","-","-"
"642","2017-01-21","-",NA,NA,NA,NA,"-",NA,"-","-","-","-","-"
"643","2017-01-23","1.3289",NA,NA,NA,NA,"326",NA,"415","453","457","369","478"
"644","2017-01-24","1.3152",NA,NA,NA,NA,"326",NA,"414","452","455","369","475"
"645","2017-01-25","1.3075",NA,NA,NA,NA,"321",NA,"410","448","449","364","469"
"646","2017-01-26","1.3104",NA,NA,NA,NA,"332",NA,"419","457","459","375","480"
"647","2017-01-27","1.3108",NA,NA,NA,NA,"327",NA,"414","452","454","370","474"
"648","2017-01-28","-",NA,NA,NA,NA,"-",NA,"-","-","-","-","-"
"649","2017-01-29","-",NA,NA,NA,NA,"-",NA,"-","-","-","-","-"
"650","2017-01-30","1.3093",NA,NA,NA,NA,"323",NA,"409","447","449","366","471"
"651","2017-01-31","1.3030",NA,NA,NA,NA,"324",NA,"408","446","448","367","473"
"652","2016-11-01","1,3379",NA,NA,NA,NA,"272",NA,"360","398","409","315","420"
"653","2016-11-02","1,3390",NA,NA,NA,NA,"261",NA,"349","387","398","304","408"
"654","2016-11-03","1,3386",NA,NA,NA,NA,"251",NA,"344","382","392","295","404"
"655","2016-11-04","1,3412",NA,NA,NA,NA,"247",NA,"340","379","388","290","397"
"656","2016-11-05","-",NA,NA,NA,NA,"-",NA,"-","-","-","-","-"
"657","2016-11-05","-",NA,NA,NA,NA,"-",NA,"-","-","-","-","-"
"658","2016-11-07","1,3383",NA,NA,NA,NA,"252",NA,"346","385","394","296","401"
"659","2016-11-08","1,3337",NA,NA,NA,NA,"251",NA,"346","384","393","294","399"
"660","2016-11-09","1,3408",NA,NA,NA,NA,"253",NA,"349","388","398","297","404"
"661","2016-11-10","1,3408",NA,NA,NA,NA,"237",NA,"333","372","382","281","390"
"662","2016-11-11","1,3408",NA,NA,NA,NA,"237",NA,"333","372","382","281","394"
"663","2016-11-12","-",NA,NA,NA,NA,"-",NA,"-","-","-","-","-"
"664","2016-11-13","-",NA,NA,NA,NA,"-",NA,"-","-","-","-","-"
"665","2016-11-14","1,3582",NA,NA,NA,NA,"240",NA,"336","375","386","284","396"
"666","2016-11-15","1,3468",NA,NA,NA,NA,"258",NA,"354","393","404","302","414"
"667","2016-11-16","1,3426",NA,NA,NA,NA,"256",NA,"351","389","401","299","410"
"668","2016-11-17","1,3429",NA,NA,NA,NA,"251",NA,"346","384","395","294","409"
"669","2016-11-18","1,3519",NA,NA,NA,NA,"274",NA,"355","393","404","318","417"
"670","2016-11-19","-",NA,NA,NA,NA,"-",NA,"-","-","-","-","-"
"671","2016-11-20","-",NA,NA,NA,NA,"-",NA,"-","-","-","-","-"
"672","2016-11-21","1,3437",NA,NA,NA,NA,"272",NA,"368","406","417","315","432"
"673","2016-11-22","1,3444",NA,NA,NA,NA,"275",NA,"371","409","422","319","434"
"674","2016-11-23","1,3470",NA,NA,NA,NA,"275",NA,"370","409","422","319","433"
"675","2016-11-24","-",NA,NA,NA,NA,"-",NA,"-","-","-","-","-"
"676","2016-11-25","1,3514",NA,NA,NA,NA,"259",NA,"354","393","407","303","420"
"677","2016-11-26","-",NA,NA,NA,NA,"-",NA,"-","-","-","-","-"
"678","2016-11-27","-",NA,NA,NA,NA,"-",NA,"-","-","-","-","-"
"679","2016-11-28","1,3401",NA,NA,NA,NA,"264",NA,"358","396","413","308","425"
"680","2016-11-29","1.3435",NA,NA,NA,NA,"250",NA,"345","383","398","293","411"
"681","2016-11-30","1,3426",NA,NA,NA,NA,"286",NA,"378","417","433","329","445"
